docs,"with_host","with_ci","with_level",dataset
5592105137,5592105137,5574622637,0,"syslog-classic"
1190808877,1190808877,1190798913,0,"filestream.generic"
690140347,690140347,690140347,690140347,"apm.app.efile"
674685034,674685034,674682723,0,"websphere-syslog"
577309377,577309377,576587582,0,"redhat6x-syslog"
338624418,338624418,0,338624418,"system.security"
237871576,237871576,0,0,"oracle-syslog"
160368875,160368875,0,0,guardicore
152601170,152601170,152601170,140370185,"apm.app.covers_subscriber"
149212789,149206212,149202723,120782147,"apm.error"
142475933,142475933,142475933,142290070,"apm.app.rst_pubsub_publisher"
132548078,132548078,132526393,0,"system.syslog"
116716302,116716302,116716302,111423666,"apm.app.dmf"
107250138,107250138,107250138,107250138,"apm.app.cnacentral"
105868117,105868117,105868117,105868099,"apm.app.covers_db_api"
66089126,66089126,0,0,"system.auth"
62230325,62230325,62230325,62225393,"apm.app.ecs_search_api"
59771191,59771191,59771191,59770599,"apm.app.ilap_pricing_engine"
59105132,59105132,59105132,59104852,"apm.app.gler_api"
57740971,57740971,57740971,55962286,"apm.app.aere_relog_svc"
55286027,55286027,55285985,0,jboss
47929999,47929999,47929999,8310084,"apm.app.abp_web"
45336062,45336062,45336062,45336062,"apm.app.rapid"
40121208,40121200,40095951,0,"bigip-ltm"
34613584,34613584,34613584,34613460,"apm.app.clmfi_db_api"
32509886,32509886,32509886,32509503,"apm.app.juno_pastdue_notification_batch"
29818630,29818630,29818630,29294866,"apm.app.rst_api"
23463505,23463505,23463505,22969563,"apm.app.claimecm_service_api"
22026982,22026982,0,22026982,"elastic_agent.heartbeat"
16382847,16382847,16382847,16193496,"apm.app.aere_svc"
15797508,15797508,0,0,"apache-web-server-syslog"
15710128,15710128,15710128,6858283,"apm.app.bureau_batch"
15212238,15212238,15212238,235065,"apm.app.abp_doc_api"
14128558,14128558,14128558,122193,"apm.app.ltc_grid_auth_api"
13941660,13941660,13941660,13166936,"apm.app.entclt_pro"
13570005,13570005,13570005,13570005,"apm.app.spd"
12285319,12285319,50803,11114833,"apm.app.abp_data_api"
11135324,11135324,11135324,11135184,"apm.app.rst_batch"
10155525,10155525,10155525,9898650,"apm.app.aliramvi_services"
9637284,9637284,9637284,9625078,"apm.app.ecs_retrieve_api"
9506786,9506786,9506786,9506766,"apm.app.clmfi_fin_trx"
9103887,9103887,9078334,9103887,"system.system"
8625273,8625273,8625273,8625273,"apm.app.identityiq"
8309213,8309213,8309213,8178046,"apm.app.claimecm_dataoutbound_data_orchestrator_service"
8111294,8111294,8111221,0,"tableau.logs"
8108770,8108770,8108770,8108770,"apm.app.eppwas"
8104220,8104220,8104220,8104220,"apm.app.spd_rest_data_api"
7976503,7976503,7976503,1563080,"apm.app.email_app"
7809568,7809568,7809568,7292116,"apm.app.entfin_pro"
6865587,6865587,6865524,0,"aix-syslog"
6796869,6796869,6796869,6707828,"apm.app.elm_standardize_services"
6731379,6731379,0,6731379,"elastic_agent.filebeat"
6269691,6269691,6269691,6269691,"apm.app.surclaim_cfe_data_api"
5613844,5613844,5613844,5463890,"apm.app.elm_hazard_services"
5590301,5590301,5590301,5580070,"apm.app.ecs_manage_api"
5397737,5397737,5397737,5397151,"apm.app.endtitk_svc"
5198643,5198643,5198643,5155106,"apm.app.elm_propertyattributes_services"
5120972,5120972,5120972,4976672,"apm.app.clmact_fin_subs"
5049750,5049750,5049750,4665798,"apm.app.ext_pro"
4926906,4926906,4926906,4926884,"apm.app.clmfi_statcd_filein"
