docs,hosts,"data_stream.dataset"
197786157,1,"gcp.gke"
188262223,1741,"system.process"
61015549,9,"prometheus.collector"
43518821,1602,"windows.service"
38339866,0,"apm.app.cms_notes"
19809703,0,"apm.app.cms_payment"
19635270,3685,"apm.internal"
15964417,0,"apm.app.cms_efms"
14831938,6,"apm.app.rmw"
10087331,7,"apm.app.dmf"
9468030,2890,"system.filesystem"
8004730,16,"apm.app.rst_data"
6413081,5285,"apm.transaction.1m"
4971838,0,"apm.service_summary.1m"
4348329,0,"apm.service_destination.1m"
4209956,2893,"system.cpu"
4197758,2893,"system.memory"
4191636,16,"apm.app.ilap_api"
3730639,22,"apm.app.rst_api"
3303360,1,"kubernetes.apiserver"
3278852,10,"apm.app.identityiq"
3277393,2893,"system.network"
2710442,0,"apm.service_transaction.1m"
2436309,10,"apm.app.suruwt_data_api"
2191077,8,"apm.app.agencyfeedfoundation"
2143224,6,"apm.app.lifeagents"
2033806,6,"apm.app.sold_program_database"
1875216,3,"apm.app.cnacentral"
1818466,6,"apm.app.oltp_data_api"
1817070,7,"apm.app.gslrating"
1776453,6,"apm.app.gler_tap_rest_data_api"
1730587,6,"apm.app.claimecm"
1642995,5,"apm.app.endorsements_portal"
1580565,5,"apm.app.bond_api"
1554522,1,"gcp.compute"
1489815,4,"apm.app.billigportal"
1470627,5,"apm.app.policycopy"
1432823,6,"apm.app.spd_rest_data_api"
1418762,4,"apm.app.clmact"
1406691,4,"apm.app.sbscform"
1395626,5,"apm.app.surclaim"
1362795,0,"apm.app.broker_orch_api"
1289165,13,"apm.app.clmfi_db_api"
1275044,19,"apm.app.cnac_service"
1257798,5,"apm.app.ldapadmin"
1243579,5,"apm.app.dlat"
1211875,3,"apm.app.codetable"
1150169,8,"apm.app.jupiter_data"
1133043,6,"apm.app.smartapp"
1116811,14,"apm.app.abp_web"
1095570,6,"apm.app.suruwt_api"
1094825,3,"apm.app.epp"
1079255,17,"apm.app.ecs_manage_api"
1050214,13,"apm.app.ecs_retrieve_api"
1027010,3,"apm.app.camilion_services"
1025353,6,"apm.app.surclaim_cfe_service_api"
1020961,7,"apm.app.spd_service_api"
986304,5,"apm.app.jupiter_orchestration"
966811,6,"apm.app.agency_api"
960216,7,"apm.app.fmrsmartapp"
951967,16,"apm.app.ecs_api"
928190,12,"apm.app.elm_standardize_services"
916774,15,"apm.app.ecs_update_api"
905781,7,"apm.app.endtitk_svc"
901161,4,"apm.app.champ_test_champ_api"
893789,7,"apm.app.claimecm_service_api"
887219,9,"apm.app.juno_data_api"
876603,2893,"system.uptime"
840563,2893,"system.fsstat"
803463,6,"system.diskio"
773016,8,"apm.app.lawyersinsurance"
765918,2,"apm.app.codetable_web"
758999,1291,"system.load"
737362,2417,"system.socket_summary"
733922,5,"apm.app.corp_data_api"
730877,7,"apm.app.cmt_data_api"
725460,4,"apm.app.surclaim_cfe_data_api"
720871,11,"apm.app.ivans_datarepo_api"
719182,4,"apm.app.rapid"
711884,4,"apm.app.nbintake_data_repo"
708434,6,"apm.app.nbintake_svc"
683671,19,"apm.app.ecs_search_api"
682560,1,"kubernetes.volume"
677226,1,"apm.app.rapid_web_test"
676457,8,"apm.app.sie_web"
665082,16,"apm.app.ecs_data_api"
612458,2,"apm.app.dnb_service_api"
601078,3,"apm.app.feed_surety"
599125,5,"apm.app.rapidaddresslookup"
594531,1,"apm.app.epc"
592788,7,"apm.app.endtitk_data_repo"
584243,8,"apm.app.unknown"
557157,8,"apm.app.rst_web"
551536,12,"apm.app.dnbff_svc"
551099,10,"apm.app.surrs_service_api"
534068,13,"apm.app.uwsvcs_data_api"
533199,11,"apm.app.phub_db_api"
529913,7,"apm.app.cmt_web"
514555,8,"apm.app.epay_core_epay_services_api"
514038,3,"apm.app.papc_papcintcons1"
510207,10,"apm.app.mvr_services"
508734,4,"apm.app.rst_tap_api"
504470,2,"apm.app.sbscforms"
494325,8,"apm.app.recnp_service_api"
493037,11,"apm.app.phub_payment"
485525,9,"apm.app.abp_doc_api"
482630,11,"apm.app.dnbff_mv21_svc"
482497,11,"apm.app.ilap_pricing_engine"
478127,9,"apm.app.rst_batch"
474980,12,"apm.app.policynumbergeneration"
474616,2,"apm.app.bond_rest_data_api"
471306,12,"apm.app.clmfi_fin_trx"
470269,0,"apm.app.submission_orch_api"
467890,1485,"system.process.summary"
463328,8,"apm.app.rca_services"
461709,11,"apm.app.ilap_pricing_api"
461166,4,"apm.app.eppwas"
454475,9,"apm.app.ilap_batch"
450802,11,"apm.app.ssp_listener_api"
446561,6,"apm.app.collq"
437986,11,"apm.app.clmact_db_api"
431387,12,"apm.app.clmfi_stat_cdng"
430867,9,"apm.app.cnax_workers_compensation"
428365,8,"apm.app.cnax_connect"
428273,10,"apm.app.clmfi_fin_logic"
426877,4,"apm.app.epb"
421436,6,"apm.app.efms_service_api"
419830,8,"apm.app.clmnols_intake"
419052,7,"apm.app.bureau_data_api"
409757,11,"apm.app.ilap_document_api"
407163,8,"apm.app.recnp_web"
395686,7,"apm.app.sie_ui_api"
391677,7,"apm.app.elm_hazard_services"
385794,9,"apm.app.clmfi_statcd_filein"
380295,6,"apm.app.nbintake_work_flow"
376126,6,"apm.app.elm_propertyattributes_services"
375040,2,"apm.app.fms"
373570,8,"apm.app.dlat_web"
372058,7,"apm.app.rca_workrequests"
369388,7,"apm.app.eds_data_api"
367849,8,"apm.app.assess_vehicle_svc"
360783,6,"apm.app.aliramvi_services"
357221,4,"apm.app.central_api"
353604,5,"apm.app.eds_service_api"
353062,1,"apm.app.clmecmbulk"
351383,9,"apm.app.ecs_security_api"
346909,10,"apm.app.clmact_fin_subs"
341088,9,"apm.app.uwlp_api"
338283,10,"apm.app.uwsvcs_service_api"
333701,9,"apm.app.clmtpa_db_api"
333395,1,"apm.app.surety_payment"
319922,4,"apm.app.stfiling_web"
319329,10,"apm.app.clmact_acct_fileout"
318160,10,"apm.app.clmfi_stat_cx"
315902,7,"apm.app.ivans_delivery_listener"
313476,9,"apm.app.phub_balancing"
313140,6,"apm.app.ivans_notification_listener"
311195,7,"apm.app.covers_db_api"
310982,10,"apm.app.clmfi_statcd_fileout"
308940,7,"apm.app.rst_notify"
306679,6,"apm.app.ivans_staging_listener"
305619,9,"apm.app.clmtpa_fin_trx"
302450,8,"apm.app.rca_documents"
302323,7,"apm.app.risk_engine_auto_api"
300074,11,"apm.app.policy_conversion_db"
299851,7,"apm.app.claimecm_autocorr_service"
299273,6,"apm.app.dlat_data_api"
295254,3,"apm.app.merlinaui"
294875,6,"apm.app.claimecm_dataoutbound_data_orchestrator_service"
293846,2,"apm.app.rmw_crf_data_api"
290612,8,"apm.app.phub_print"
289102,7,"apm.app.paeus_gl_property_api"
288393,6,"apm.app.elm_cat_services"
287743,5,"apm.app.cnax_site_admin"
287574,6,"apm.app.gler_api"
285300,8,"apm.app.phub_batch"
284991,8,"apm.app.clmfi_resubm_fintrx"
282342,4,"apm.app.clmrtn_eng"
282181,10,"apm.app.clmtpa_fin_drv"
280951,6,"apm.app.tapdthub_api"
280470,9,"apm.app.clmtpa_fin_filein"
280119,6,"apm.app.aere_svc"
279825,4,"apm.app.mvr_web"
277048,6,"apm.app.epay_core_oneinc_orchestration_api"
276450,9,"apm.app.clmtpa_ack_fileout"
274693,4,"apm.app.crs_web"
273859,4,"apm.app.udms_rest_apis"
272952,5,"apm.app.juno_api_gateway"
270871,4,"apm.app.cedelite_service_api"
269865,7,"apm.app.covers_stat_coding_service"
265983,4,"apm.app.ent_pol_clm_prem_summ"
262638,6,"apm.app.paeus_wc_api"
262020,3,"apm.app.rmw_report_runner_data_api"
261492,5,"apm.app.juno_operations_service"
259213,5,"apm.app.sbsc_sbscform_service_api"
257793,6,"apm.app.epc_coversfeed_pro"
257103,3,"apm.app.ltc_grid_api"
256023,4,"apm.app.senator_re_data_api"
255818,7,"apm.app.rst_pubsub_publisher"
252226,7,"apm.app.portalmicrosites_ssp_cache_api"
250265,5,"apm.app.ltc_grid_auth_api"
249694,7,"apm.app.paeus_company_placement_api"
249640,6,"apm.app.clmnols_services"
248411,6,"apm.app.procede_batch"
246343,8,"apm.app.senator_re_service_api"
245954,5,"apm.app.claimecm_dataoutbound_data_delivery_service"
245338,5,"apm.app.jupiter_camunda"
245199,5,"apm.app.sbsc_sbscform_batch"
244739,3,"apm.app.efile"
243266,5,"apm.app.claimecm_data_api"
240225,7,"apm.app.cmt_service_api"
238662,8,"apm.app.forms_list_admin_api"
238227,4,"apm.app.cvs_web_app"
234252,7,"apm.app.uwlp_feature_flags_api"
233014,7,"apm.app.cnax_issuance"
232159,5,"apm.app.juno_email_batch"
231927,4,"apm.app.nbintake_batch"
231714,5,"apm.app.epc_fifeed_pro"
230703,4,"apm.app.nbintake_mailbox_monitor"
228932,7,"apm.app.clmact_pymt_subs"
228459,15,"apm.app.uwasgn_api"
228040,0,"apm.app.policy_orch_api"
227454,4,"apm.app.clmint_services"
227251,6,"apm.app.qualtric"
226048,4,"apm.app.cedelite_data_api"
224256,5,"apm.app.suruwt_service_api"
223802,4,"apm.app.smtcm_pro"
222200,6,"apm.app.aere_relog_svc"
221730,5,"apm.app.claimecm_autocorr_event_processor"
220875,4,"apm.app.email_app"
220105,4,"apm.app.entfin_pro"
218084,4,"apm.app.juno_notification_api"
216392,4,"apm.app.endtitk_mailbox_monitor"
215440,5,"apm.app.spc_int_consumer"
214961,4,"apm.app.suruwt_cde_service_api"
214609,4,"apm.app.marsh_api"
214433,4,"apm.app.nbintake_triage_orchestrator"
213450,6,"apm.app.cnac_util"
212097,5,"apm.app.surcore_forms_gen_web"
211620,7,"apm.app.clmact_contact"
211552,6,"apm.app.procede_data_api"
210872,7,"apm.app.sabre_engine_batch"
210082,5,"apm.app.sbsc_sbscform_data_api"
207730,7,"apm.app.cre_pcf"
207336,1,"kubernetes.container"
206987,6,"apm.app.sie_polfeed_api"
205864,5,"apm.app.uwlp_analytics_api"
205804,4,"apm.app.spd"
205464,4,"apm.app.abp_batch"
204255,4,"apm.app.hrdata_pro"
203603,6,"apm.app.dataextract_data_repo"
203152,6,"apm.app.eam_api"
201549,7,"apm.app.schedulef_api"
200349,5,"apm.app.central_datarepo_api"
200091,4,"apm.app.entlegal_services"
200088,4,"apm.app.jupiter_email_batch"
199757,3,"apm.app.eds_batch"
199526,5,"apm.app.juno_workflow_gateway"
198691,4,"apm.app.claimecm_dataoutbound_data_ingestion_service"
197445,5,"apm.app.bureau_web"
197214,4,"apm.app.postprc_document_watcher"
195396,5,"apm.app.epc_smtcmint_pro"
194354,4,"apm.app.ofac_check"
193399,4,"apm.app.atty_cdt"
193340,6,"apm.app.clmnols_clm_gen"
192912,4,"apm.app.ext_pro"
192909,4,"apm.app.suruwt_doc_mgmnt_api"
192489,0,"apm.app.cms_claim"
191977,5,"apm.app.assess_vehicle_batch"
190803,4,"apm.app.suruwt_cde_dms_listener"
190496,4,"apm.app.bat_web"
190282,3,"apm.app.rmw_report_runner"
190080,2,"apm.app.rmw_retro_data_api"
189929,5,"apm.app.jupiter_hibernate_lucene"
188976,4,"apm.app.ccm_client"
186491,5,"apm.app.rca_scic"
186307,4,"apm.app.jupiter_data_batch"
184629,4,"apm.app.dms_retrieve_producer_service_api"
183833,7,"apm.app.apppad_vertafore_api"
183786,6,"apm.app.sabre_api"
183765,4,"apm.app.cda_recon_app"
183735,4,"apm.app.billpay_notification_service"
183652,5,"apm.app.invoice_renderer_service"
183257,1,"apm.app.rapid_data_api"
182718,3,"apm.app.estr_data_api"
182555,4,"apm.app.endtitk_batch"
181728,4,"apm.app.merint_pro"
181663,5,"apm.app.billing_address_service"
181610,5,"apm.app.juno_reconciliation_service"
181440,2,"apm.app.rmw_cim_data_api"
181125,4,"apm.app.nbintake_vendor_api"
179553,198,"apm.app.cmt_batch"
178560,2,"apm.app.datapulse_backend"
177071,3,"apm.app.pc_events_cloud_apis"
177058,4,"apm.app.clmint_ealert_sub"
176214,4,"apm.app.chatbot_surssp_chatbot_dashboard_api"
176100,6,"apm.app.clmact_event_gen"
175682,5,"apm.app.suppe_batch"
174426,3,"apm.app.eqemetrx_batch_services"
172823,3,"apm.app.postprc_doc_batch"
172486,5,"apm.app.juno_pastdue_notification_batch"
171920,5,"apm.app.surdist_print_orchestration_api"
171014,5,"apm.app.paeus_scoring_batch"
170978,4,"apm.app.dms_sync_producer_data_batch"
170574,5,"apm.app.bond_number_admin_api"
168640,4,"apm.app.bureau_batch"
168480,4,"apm.app.champ_test_champ_services"
168224,4,"apm.app.ecftprty_dodge_stage_archive_batch"
167013,4,"apm.app.ecftprty_dodge_stage_main_batch"
166108,5,"apm.app.jupiter_integration"
165610,6,"apm.app.phub_contact"
164619,4,"apm.app.ecftprty_dodge_xml_batch"
164072,4,"apm.app.marsh_batch"
163785,4,"apm.app.covers_stat_coding_batch"
163475,4,"apm.app.wcpols_data_api"
163229,5,"apm.app.ssp_sens_listener_api"
162726,5,"apm.app.canlite_api"
161647,5,"apm.app.capiq_mls_apis"
161268,5,"apm.app.paeus_notifyriskevalupdate_api"
161251,4,"apm.app.bottomline_process"
161214,3,"apm.app.clmhub_act_event_subs"
160866,5,"apm.app.portalmicrosites_ssp_renewals_api"
160310,5,"apm.app.ivans_sdef_listener"
159886,7,"apm.app.schedulef_batch"
158991,4,"apm.app.iceos_snl_apis"
158954,4,"apm.app.surclaim_cfe_spc_api"
158609,3,"apm.app.formnet_data_api"
158328,4,"apm.app.renrrate_data_svc"
157526,5,"apm.app.spc_int_provider"
156851,4,"apm.app.uwsvcs_batch"
156753,5,"apm.app.surdist_print_notification_listener"
156732,4,"apm.app.epay_core_epay_acknowledgement_api"
155495,4,"apm.app.estr_private_equity"
155382,4,"apm.app.snl_apis"
153510,5,"apm.app.surdist_print_aggregation_listener"
152800,4,"apm.app.acctnbr_gen"
152458,5,"apm.app.surdist_print_document_staging_listener"
150838,1,"vsphere.virtualmachine"
150578,3,"apm.app.formnet_service_api"
150576,5,"apm.app.acct_recv"
149615,4,"apm.app.apigee_audit_batch"
147437,3,"apm.app.entlegal_data_pro"
147261,3,"apm.app.estr_service_api"
147241,3,"apm.app.elm_cat_peril"
146804,4,"apm.app.claim_conversion_db"
145521,4,"apm.app.juno_integration_service"
145324,5,"apm.app.jupiter_claimcenter_processor"
144666,4,"apm.app.user_management"
144000,3,"apm.app.formnet_batch"
143642,7,"apm.app.epc_sndfeed_pro"
143552,4,"apm.app.tax_1099_service_api"
142512,4,"apm.app.wcratepg_data_repo"
142495,3,"apm.app.epc_ofacfeed_pro"
142303,4,"apm.app.claimecm_batch"
142135,7,"apm.app.cnax_umbrella"
141083,5,"apm.app.product_catalog_api"
140994,2,"apm.app.rmw_cimadmin_data_api"
140508,4,"apm.app.surrs_test_data_api"
140376,3,"apm.app.dlat_batch"
140368,4,"apm.app.renrrate_content_analyzer_svc"
140261,3,"apm.app.claimecm_dataoutbound_data_ingestion_batch"
139699,3,"apm.app.erm_cat_peril"
139680,4,"apm.app.renrrate_content_svc"
139680,4,"apm.app.renrrate_db_migration"
139230,492,"system.socket.summary"
138520,4,"apm.app.nbintake_pdf_api"
138214,3,"apm.app.hcmapp"
138192,4,"apm.app.ecftprty_dodge_retrieve_service_api"
138133,1,"gcp.cloudsql_postgresql"
138061,5,"apm.app.juno_db_migration"
137405,7,"apm.app.schedulef_data_api"
136789,4,"apm.app.mvr_batch"
136705,4,"apm.app.wcratepg_svc"
136258,3,"apm.app.rmw_workday_batch"
135786,3,"apm.app.rmw_ca_data_api"
134412,3,"apm.app.xsmp_batch"
134072,3,"apm.app.rmw_reports_services"
133934,5,"apm.app.spc_paidlist_stage_job"
133626,4,"apm.app.juno_doc_api"
133594,3,"apm.app.clmrtn_ecm_retention_subscriber"
132386,3,"apm.app.estr_batch"
130548,3,"apm.app.suruwt_rating_api"
129571,3,"apm.app.epc_spdfeed_pro"
129556,3,"apm.app.rmw_retro_batch"
129347,3,"apm.app.legal_data_pro"
129055,4,"apm.app.champ_test_champ_email_batch"
127426,5,"apm.app.senator_re_batch"
125958,4,"apm.app.cna_appetite_finder"
125262,1,"apm.app.merlincri"
123597,5,"apm.app.cnaxbusinessrulesengine"
121015,2,"apm.app.xsmp_web"
119956,6,"apm.app.management_liability"
119520,3,"apm.app.cerrr_batch"
118031,3,"apm.app.surdist_sharefile_api"
118007,3,"apm.app.ecs_scripting_api"
117011,3,"apm.app.ltc_grid_shared_api"
116584,2,"apm.app.rmw_retro_batch_data_api"
115200,3,"apm.app.clmint_stlmt_agrmt"
113731,4,"apm.app.tax_service_tax_api"
112940,4,"apm.app.cna_find_a_vendor"
112266,3,"apm.app.hcm_data_sync"
112156,2,"apm.app.blport_profile_service"
111674,13,"elastic_agent.elastic_agent"
111621,4,"apm.app.uet_service_api"
111016,3,"apm.app.cerrr_service_api"
109403,4,"apm.app.wc_rating_pro"
108281,4,"apm.app.calendar_api"
107182,4,"apm.app.cna_surety_user_security_management"
106971,7,"apm.app.cnac_common_service"
106730,4,"apm.app.cna_surety_user_provisioning_service"
106560,2,"apm.app.clmint_edi"
106501,4,"apm.app.cna_data_migration"
106462,3,"apm.app.dev_portal_batch"
103680,1,"kubernetes.pod"
103118,2,"apm.app.rmwvio_data_api"
103078,3,"apm.app.wcpaygo_batch"
102205,2,"apm.app.clmint_mbr"
101483,3,"apm.app.capiq_russell_apis"
100748,4,"apm.app.cna_surety_bondterms_agreementassessment"
100589,4,"apm.app.clmsdoc_batch"
99578,4,"apm.app.cna_surety_ecs_service"
98777,2,"apm.app.entclt_pro"
97920,2,"apm.app.nbtarget_salesapp_api"
95010,2,"apm.app.spc_executed_bond_intake_view_api"
95007,0,"apm.app.automated_payments_winservice"
94741,2,"apm.app.cedelite_batch"
92395,2,"apm.app.ccint_file_pro"
92120,3,"apm.app.cna_surety_agency_terms_agreement"
92019,2,"apm.app.rmw_ledger_data_api"
90963,4,"apm.app.cna_surety_portal_agency_service"
90693,2,"apm.app.covers_subscriber"
89407,3,"apm.app.cna_surety_arms_services"
89164,4,"apm.app.cmt_doc_api"
87806,4,"apm.app.cna_surety_segment_service"
87097,4,"apm.app.cna_find_an_agent"
86603,1,"apm.app.enterprisetemplatemanager2_0"
86472,2,"apm.app.champ_workintake_services"
85694,4,"apm.app.champ_surety_data_api"
83763,2,"apm.app.hcs_batch"
83520,2,"apm.app.bond_management_api"
82566,2,"apm.app.adm_cdt"
82080,2,"apm.app.rmw_services_data_api"
81778,3,"apm.app.epc_codelibraryfeed_pro"
80631,3,"apm.app.epc_voscofeed_pro"
79679,1,"apm.app.aem"
78022,2,"apm.app.nbtarget_salesapp_batch"
77760,2,"apm.app.rmw_workday_batch_data_api"
77683,4,"apm.app.cna_surety_email_framework"
76291,2,"apm.app.rmw_cfr_data_api"
74867,3,"apm.app.surdist_bpst_sens_batch"
73898,4,"apm.app.surcore_encapture_contact_api"
72754,3,"apm.app.tax_1099_data_api"
70900,1,"windows.perfmon"
69228,2,"apm.app.papc_papcservices1"
69120,2,"apm.app.smart_iq_payload_archive"
69120,2,"apm.app.efms"
68660,4,"apm.app.cna_email_framework"
67611,2,"apm.app.ecs_event_api"
67534,3,"apm.app.cna_agency_portal"
64762,3,"apm.app.cna_surety_adobefs_service"
63044,4,"apm.app.champ_surety_service_api"
60045,13,"elastic_agent.metricbeat"
55518,1,"apm.app.papc_uwservices1"
55380,3,"apm.app.epc_papcintcons_pro"
51834,1,"system.core"
50117,2,"apm.app.entofac_batch"
47972,3,"apm.app.devxplay_monorepo_batch_api"
47055,1,"vsphere.network"
46080,1,"apm.app.abp_data_api"
42886,3,"apm.app.covers_scheduler"
40584,1,"apm.app.etm"
40442,2,"apm.app.sie_rule_orchestrator"
40320,1,"apm.app.smartcomm_release_management_ws"
40010,2,"apm.app.sie_file_orchestrator"
39525,1,"apm.app.dataprotector_data_manager"
37647,1,"apm.app.dataprotector_webcryptor"
37463,2,"apm.app.devxplay_java11_api"
36308,13,"elastic_agent.filebeat"
36050,2,"apm.app.devx_java21_api"
36022,2,"apm.app.devxplay_java17_api"
34698,1,"apm.app.bpst_sens_batch"
34581,2,"apm.app.devxplay_java8_api"
34560,1,"apm.app.nbtarget_salesapp_data"
34533,2,"apm.app.devxplay_java25_api"
34248,1,"apm.app.epc_genpolnotice_pro"
31410,2,"apm.app.epc_jsonschema2pojo_converter"
30731,2,"apm.app.template_sb3_g8_j21_project"
26714,13,"elastic_agent.filebeat_input"
25920,1,"kubernetes.system"
25768,2,"apm.app.test_gradle_sb2_g7_j11_app"
23941,2,"apm.app.test_gradle_sb3_g8_j17_app"
23908,2,"apm.app.test_gradle_sb4_g9_j25_app"
23040,1,"apm.app.ests"
21965,2,"apm.app.test_gradle_sb2_g7_j8_app"
16738,1,"vsphere.datastore"
14380,0,"fleet_server.agent_versions"
13401,1,"vsphere.host"
13212,0,"apm.app.automated_payments_web"
11322,96,"apm.app.ivans_maintenance_batch"
11310,8,"elastic_agent.fleet_server"
8640,1,"kubernetes.state_deployment"
8640,1,"kubernetes.state_job"
8640,1,"kubernetes.state_replicaset"
8640,1,"kubernetes.state_namespace"
8640,1,"kubernetes.state_service"
8640,1,"kubernetes.state_pod"
8640,1,"kubernetes.state_storageclass"
8640,1,"kubernetes.state_statefulset"
8640,1,"kubernetes.state_resourcequota"
8640,1,"kubernetes.node"
8640,1,"kubernetes.state_persistentvolume"
8640,1,"kubernetes.state_daemonset"
8640,1,"kubernetes.state_cronjob"
8640,1,"kubernetes.proxy"
8639,1,"kubernetes.state_node"
8639,1,"kubernetes.state_persistentvolumeclaim"
8639,1,"kubernetes.state_container"
8506,0,"apm.app.model_api_center"
7835,265,"apm.app.inbound_npu_batch"
7418,0,"apm.app.claude_code_local"
7306,264,"apm.app.inbound_michigannotary_batch"
7229,194,"apm.app.inbound_sbd_batch"
6955,603,"apm.app.risk_engine_auto_batch"
6378,1,"gcp.storage"
5994,2,"apm.app.apex_db_migration_service"
5513,4,"apm.app.portalmicrosites_ssp_agency_data_pre_fetch_batch"
3780,1,"elastic_agent.heartbeat"
3766,184,"apm.app.bpst_notification_batch"
3368,1,"vsphere.cluster"
3325,1,"vsphere.resourcepool"
3319,1,"apm.app.wage_calculator"
3168,96,"apm.app.suruwt_cde_maintenance_batch"
2993,1,"kubernetes.event"
2880,1,"ibmmq.qmgr"
2851,2,"oracle.memory"
2851,2,"oracle.tablespace"
2851,2,"oracle.performance"
2850,2,"oracle.system_statistics"
2850,2,"oracle.sysmetric"
2742,9,"apm.app.epay_core_oneinc_remittance_batch"
2686,2,"apm.app.entpremaudit_pro"
2448,192,"apm.app.inbound_spcdatapublisher_batch"
2189,50,"apm.app.ivans_reporting_batch"
1841,51,"apm.app.inbound_notaryrotary_batch"
1817,50,"apm.app.inbound_ans_batch"
1726,50,"apm.app.inbound_sbd_ir_upload_batch"
1561,48,"apm.app.outbound_ims_batch"
1454,48,"apm.app.outbound_gallagher_batch"
1446,50,"apm.app.inbound_bonddatapublisher_batch"
1438,0,"fleet_server.agent_status"
1432,50,"apm.app.outbound_kraftlake_batch"
1241,49,"apm.app.outbound_aon_batch"
1212,49,"apm.app.outbound_seai_amfam_commission_batch"
1188,47,"apm.app.outbound_seai_amfam_weekly_batch"
1078,98,"apm.app.clmrtn_ecm_retention_batch"
1003,48,"apm.app.outbound_nea_batch"
930,48,"apm.app.ivans_dbcs_delivery_batch"
838,13,"apm.app.bna_notification_batch"
820,24,"apm.app.inbound_btis_batch"
708,50,"apm.app.epay_payment_dtls_purge_batch"
654,48,"apm.app.lockbox_remittance_batch"
584,50,"apm.app.inbound_walker_batch"
577,50,"apm.app.inbound_americanassociation_batch"
576,50,"apm.app.inbound_truckbonding_batch"
576,50,"apm.app.inbound_stegallnotary_batch"
568,2,sql
534,3,"apm.app.cnaedd_batch"
351,27,"apm.app.ssp_purge_batch"
288,24,"apm.app.epay_core_epay_batch_ar_files"
183,3,"apm.app.suruwt_reporting_batch"
120,3,"apm.app.bna_pad_sync_batch"
102,9,"apm.app.lockbox_download_batch"
53,1,"vsphere.datastorecluster"
42,3,"apm.app.portalmicrosites_ssp_delete_expired_cache_batch"
42,3,"apm.app.portalmicrosites_ssp_renewals_invalidate_batch"
40,3,"apm.app.suruwt_batch"
28,2,"apm.app.clmint_batch"
8,2,"apm.app.devxplay_java21_batch"
