services,"host.name"
CCIS,VKBLYDAP4015
cnaxbusinessrulesengine,"cnax-business-rules-776dcc7476-tk5xf"
cnaxbusinessrulesengine,"cnax-business-rules-79f5d695b-5m46g"
cnaxbusinessrulesengine,"cnax-business-rules-85dcdf4bcc-k9cxd"
cnaxbusinessrulesengine,"cnax-business-rules-87c56b996-s8xmt"
cnaxbusinessrulesengine,"cnax-business-rules-bb4c669b7-8mgm5"
cnaxbusinessrulesengine,"cnax-business-rules-dcf59cddc-hgjp5"
"champ-surety-data-api","champ-surety-data-api-6db5f5dfc9-4j55g"
"champ-surety-data-api","champ-surety-data-api-78bfb5f47f-xjbrr"
"champ-surety-data-api","champ-surety-data-api-788449c65c-pgrkp"
