transactions,"service.name","url.domain"
74365,dmf,"dmf.cna.com"
42154,"rst-data","rst-data.gcp.cna.com"
29058,"eds-data-api","eds-data-api-stg.gcp.cna.com"
28758,"eds-service-api","eds-service-api-stg.gcp.cna.com"
22898,"ecs-data-api","ecs-data-api.gcp.cna.com"
19924,"ecs-search-api","ecs-data-api.gcp.cna.com"
19905,"ecs-search-api","ecs-search-api.gcp.cna.com"
16590,"eds-data-api","eds-data-api.gcp.cna.com"
16298,"eds-service-api","eds-service-api.gcp.cna.com"
3062,efile,"efilesvc-drt.cna.com"
2989,"covers-db-api","covers-db-api-ete2.gcp.cna.com"
2948,"covers-subscriber","covers-db-api-ete2.gcp.cna.com"
2906,identityiq,"cnapreview.okta.com"
2328,"RST-TAP-API","rst-tap-api.cna.com"
2191,"endtitk-data-repo","endtitk-data-repo.gcp.cna.com"
2103,"endtitk-svc","endtitk-svc.gcp.cna.com"
2063,"rst-data","rst-data-ete1.gcp.cna.com"
1977,"jupiter-orchestration","jupiter-orchestration.gcp.cna.com"
1868,"clmfi-db-api","clmfi-db-api-ete2.gcp.cna.com"
1849,"rst-data","rst-data-stg1.gcp.cna.com"
1820,"rst-data","rst-data-ete2.gcp.cna.com"
1622,"rst-data","rst-data-cut2.gcp.cna.com"
1298,"ecs-retrieve-api","ecs-data-api.gcp.cna.com"
1257,"jupiter-data","jupiter-data.gcp.cna.com"
1248,"rst-data","rst-data-ete3.gcp.cna.com"
1218,"ilap-api","ilap-api-stg1.gcp.cna.com"
1214,"ecs-retrieve-api","ecs-retrieve-api.gcp.cna.com"
1157,"rst-data","rst-data-cut1.gcp.cna.com"
1097,"rst-data","rst-data-cut4.gcp.cna.com"
1095,"rst-data","rst-data-ete4.gcp.cna.com"
1025,"rst-api","rst-api.gcp.cna.com"
969,dmf,"dmf-drt.cna.com"
923,"rmw-crf-data-api","rmw-crf-data-api-ete1.gcp.cna.com"
903,"elm-standardize-services","elm-standardize-services.gcp.cna.com"
771,"elm-propertyattributes-services","elm-propertyattributes-services.gcp.cna.com"
741,"nbtarget-salesapp-api","salesapp-api-cut1.gcp.cna.com"
720,epc,VRBLYCAP0025
588,"document management facility prod","dmf.cna.com"
562,"efms-service-api","efms-service-api.gcp.cna.com"
556,"elm-standardize-services","elm-standardize-services-stg.gcp.cna.com"
