transactions,"service.name",env,"url.domain"
36819,dmf,prd1,"dmf.cna.com"
29757,"eds-data-api",stg1,"eds-data-api-stg.gcp.cna.com"
29757,"eds-service-api",stg1,"eds-service-api-stg.gcp.cna.com"
24999,"eds-data-api",prd1,"eds-data-api.gcp.cna.com"
24962,"rst-data",prd1,"rst-data.gcp.cna.com"
24895,"eds-service-api",prd1,"eds-service-api.gcp.cna.com"
17984,"paeus-company-placement-api",stg1,"paeus-company-placement-api-stg.gcp.cna.com"
12946,unknown,stg1,"crr-web-stg.gcp.cna.com"
9924,"ecs-data-api",prd1,"ecs-data-api.gcp.cna.com"
8783,"phub-db-api",prd1,"finpay-db-api.gcp.cna.com"
7399,"rmw-ca-data-api",stg1,"rmw-ca-data-api-stg.gcp.cna.com"
5752,"ecs-search-api",prd1,"ecs-data-api.gcp.cna.com"
5665,"rst-data",stg1,"rst-data-stg1.gcp.cna.com"
5521,"ecs-search-api",prd1,"ecs-search-api.gcp.cna.com"
3917,"paeus-gl-property-api",stg1,"paeus-gl-property-api-stg.gcp.cna.com"
3631,"jupiter-orchestration",prd1,"jupiter-orchestration.gcp.cna.com"
3321,CollQ,DRT,"drt1-collq.cna.com"
3297,"covers-db-api",ete2,"covers-db-api-ete2.gcp.cna.com"
3268,"covers-subscriber",ete2,"covers-db-api-ete2.gcp.cna.com"
3168,"suruwt-data-api",prd1,"suruwt-data-api.gcp.cna.com"
2694,"ilap-api",ete1,"ilap-api-ete1.gcp.cna.com"
2306,efile,prd1,"edms-adapter.cna.com"
2137,"jupiter-data",prd1,"jupiter-data.gcp.cna.com"
2083,"rst-data",cut2,"rst-data-cut2.gcp.cna.com"
2064,"ecs-retrieve-api",prd1,"ecs-data-api.gcp.cna.com"
1906,"formnet-data-api",stg1,"formnet-data-api-stg.gcp.cna.com"
1900,"clmfi-db-api",ete2,"clmfi-db-api-ete2.gcp.cna.com"
1787,"endtitk-svc",prd1,"endtitk-svc.gcp.cna.com"
1781,"endtitk-data-repo",prd1,"endtitk-data-repo.gcp.cna.com"
1763,"rst-data",ete2,"rst-data-ete2.gcp.cna.com"
1740,"ilap-api",ete3,"ilap-api-ete3.gcp.cna.com"
1589,efile,drt1,"efilesvc-drt.cna.com"
1585,"phub-payment",prd1,"finpay-payment.gcp.cna.com"
1517,"clmact-db-api",prd1,"clmact-db-api.gcp.cna.com"
1478,"clmact-pymt-subs",prd1,"clmact-db-api.gcp.cna.com"
1466,identityiq,prd1,"identityiq.cna.com"
1457,"RST-TAP-API",PRD,"rst-tap-api.cna.com"
1260,"cmt-web",prd1,"cmt-web.gcp.cna.com"
1256,"claimecm-ui",production,"claimecm-ui.gcp.cna.com"
1248,"rst-data",ete1,"rst-data-ete1.gcp.cna.com"
1155,"rst-data",cut1,"rst-data-cut1.gcp.cna.com"
1152,"cmt-data-api",prd1,"cmt-data-api.gcp.cna.com"
1125,"rst-data",ete3,"rst-data-ete3.gcp.cna.com"
1097,"rst-data",ete4,"rst-data-ete4.gcp.cna.com"
1095,"rst-data",cut4,"rst-data-cut4.gcp.cna.com"
1056,"surclaim-cfe-data-api",prd1,"surclaim-cfe-data-api.gcp.cna.com"
1049,"clmfi-db-api",prd1,"clmfi-db-api.gcp.cna.com"
1009,"ecs-retrieve-api",prd1,"ecs-retrieve-api.gcp.cna.com"
801,"papc-papcintcons1",prd1,"pc-clprod-papcintcons.cna.com"
792,"ecs-manage-api",prd1,"ecs-data-api.gcp.cna.com"
779,"document management facility prod",prd1,"dmf.cna.com"
721,epc,cut1,VRBLYCAP0025
713,"rst-api",stg1,"rst-api-stg1.gcp.cna.com"
702,"ecs-manage-api",prd1,"ecs-manage-api.gcp.cna.com"
663,"oltp-data-api",prd1,"oltp-data-api.cna.com"
632,"rst-api",prd1,"rst-api.gcp.cna.com"
611,"claimecm-service-api",prd1,"claimecm-service-api.gcp.cna.com"
567,"nbintake-data-repo",,"ete1-nbintake-data-repo.gcp.cna.com"
551,"ecs-api",prd1,"ecs-api.gcp.cna.com"
529,"elm-standardize-services",prd1,"elm-standardize-services.gcp.cna.com"
